Entity,Code,Year,Total number of international immigrants
Afghanistan,AFG,1990,57686
Afghanistan,AFG,1995,71522
Afghanistan,AFG,2000,75917
Afghanistan,AFG,2005,87314
Afghanistan,AFG,2010,102276
Afghanistan,AFG,2015,339432
Afghanistan,AFG,2020,144098
Africa,,1990,15689666
Africa,,1995,16357077
Africa,,2000,15051677
Africa,,2005,16040087
Africa,,2010,17806677
Africa,,2015,22860792
Africa,,2020,25389464
Albania,ALB,1990,66013
Albania,ALB,1995,71354
Albania,ALB,2000,76695
Albania,ALB,2005,64739
Albania,ALB,2010,52784
Albania,ALB,2015,52031
Albania,ALB,2020,48810
Algeria,DZA,1990,273954
Algeria,DZA,1995,262032
Algeria,DZA,2000,250110
Algeria,DZA,2005,197728
Algeria,DZA,2010,217268
Algeria,DZA,2015,239473
Algeria,DZA,2020,250378
American Samoa,ASM,1990,21283
American Samoa,ASM,1995,23098
American Samoa,ASM,2000,24912
American Samoa,ASM,2005,24233
American Samoa,ASM,2010,23555
American Samoa,ASM,2015,23513
American Samoa,ASM,2020,23608
Andorra,AND,1990,38891
Andorra,AND,1995,44206
Andorra,AND,2000,42147
Andorra,AND,2005,50298
Andorra,AND,2010,52053
Andorra,AND,2015,42264
Andorra,AND,2020,45574
Angola,AGO,1990,33517
Angola,AGO,1995,39813
Angola,AGO,2000,46108
Angola,AGO,2005,62331
Angola,AGO,2010,336367
Angola,AGO,2015,632178
Angola,AGO,2020,656434
Anguilla,AIA,1990,2570
Anguilla,AIA,1995,3317
Anguilla,AIA,2000,4063
Anguilla,AIA,2005,4684
Anguilla,AIA,2010,5103
Anguilla,AIA,2015,5471
Anguilla,AIA,2020,5715
Antigua and Barbuda,ATG,1990,12029
Antigua and Barbuda,ATG,1995,17550
Antigua and Barbuda,ATG,2000,23071
Antigua and Barbuda,ATG,2005,24741
Antigua and Barbuda,ATG,2010,26412
Antigua and Barbuda,ATG,2015,28082
Antigua and Barbuda,ATG,2020,29386
Argentina,ARG,1990,1649919
Argentina,ARG,1995,1595069
Argentina,ARG,2000,1540219
Argentina,ARG,2005,1674163
Argentina,ARG,2010,1805957
Argentina,ARG,2015,2086301
Argentina,ARG,2020,2281728
Armenia,ARM,1990,658789
Armenia,ARM,1995,693999
Armenia,ARM,2000,657900
Armenia,ARM,2005,469189
Armenia,ARM,2010,211147
Armenia,ARM,2015,191199
Armenia,ARM,2020,190349
Aruba,ABW,1990,14444
Aruba,ABW,1995,22274
Aruba,ABW,2000,30104
Aruba,ABW,2005,32540
Aruba,ABW,2010,34328
Aruba,ABW,2015,36114
Aruba,ABW,2020,53593
Asia,,1990,48209949
Asia,,1995,46418044
Asia,,2000,49066986
Asia,,2005,53249787
Asia,,2010,66123640
Asia,,2015,77191249
Asia,,2020,85618502
Australia,AUS,1990,3955213
Australia,AUS,1995,4153330
Australia,AUS,2000,4386250
Australia,AUS,2005,4878030
Australia,AUS,2010,5882980
Australia,AUS,2015,6729730
Australia,AUS,2020,7685860
Australia and New Zealand,,1990,4473260
Australia and New Zealand,,1995,4741947
Australia and New Zealand,,2000,5065063
Australia and New Zealand,,2005,5717982
Australia and New Zealand,,2010,6830423
Australia and New Zealand,,2015,7769466
Australia and New Zealand,,2020,9067584
Austria,AUT,1990,793239
Austria,AUT,1995,894893
Austria,AUT,2000,996547
Austria,AUT,2005,1127164
Austria,AUT,2010,1274901
Austria,AUT,2015,1483123
Austria,AUT,2020,1738183
Azerbaijan,AZE,1990,360600
Azerbaijan,AZE,1995,344070
Azerbaijan,AZE,2000,327540
Azerbaijan,AZE,2005,301834
Azerbaijan,AZE,2010,276901
Azerbaijan,AZE,2015,264359
Azerbaijan,AZE,2020,252228
Bahamas,BHS,1990,26855
Bahamas,BHS,1995,31654
Bahamas,BHS,2000,36454
Bahamas,BHS,2005,45531
Bahamas,BHS,2010,54745
Bahamas,BHS,2015,59241
Bahamas,BHS,2020,63583
Bahrain,BHR,1990,173212
Bahrain,BHR,1995,205979
Bahrain,BHR,2000,239361
Bahrain,BHR,2005,404018
Bahrain,BHR,2010,666406
Bahrain,BHR,2015,722487
Bahrain,BHR,2020,936094
Bangladesh,BGD,1990,881617
Bangladesh,BGD,1995,934735
Bangladesh,BGD,2000,987853
Bangladesh,BGD,2005,1062270
Bangladesh,BGD,2010,1345546
Bangladesh,BGD,2015,1422179
Bangladesh,BGD,2020,2115408
Barbados,BRB,1990,24024
Barbados,BRB,1995,26224
Barbados,BRB,2000,28424
Barbados,BRB,2005,30624
Barbados,BRB,2010,32825
Barbados,BRB,2015,34475
Barbados,BRB,2020,34869
Belarus,BLR,1990,1248977
Belarus,BLR,1995,1186282
Belarus,BLR,2000,1123586
Belarus,BLR,2005,1106982
Belarus,BLR,2010,1090378
Belarus,BLR,2015,1082905
Belarus,BLR,2020,1067090
Belgium,BEL,1990,1280583
Belgium,BEL,1995,1288003
Belgium,BEL,2000,1268368
Belgium,BEL,2005,1248733
Belgium,BEL,2010,1503806
Belgium,BEL,2015,1783488
Belgium,BEL,2020,2005479
Belize,BLZ,1990,30404
Belize,BLZ,1995,33446
Belize,BLZ,2000,36488
Belize,BLZ,2005,41438
Belize,BLZ,2010,46390
Belize,BLZ,2015,54615
Belize,BLZ,2020,62043
Benin,BEN,1990,76751
Benin,BEN,1995,105703
Benin,BEN,2000,134655
Benin,BEN,2005,248320
Benin,BEN,2010,309225
Benin,BEN,2015,366284
Benin,BEN,2020,394276
Bermuda,BMU,1990,15683
Bermuda,BMU,1995,16676
Bermuda,BMU,2000,17684
Bermuda,BMU,2005,18108
Bermuda,BMU,2010,18547
Bermuda,BMU,2015,19212
Bermuda,BMU,2020,19739
Bhutan,BTN,1990,23807
Bhutan,BTN,1995,27972
Bhutan,BTN,2000,32137
Bhutan,BTN,2005,40279
Bhutan,BTN,2010,48420
Bhutan,BTN,2015,51106
Bhutan,BTN,2020,53612
Bolivia,BOL,1990,73758
Bolivia,BOL,1995,83598
Bolivia,BOL,2000,92658
Bolivia,BOL,2005,107745
Bolivia,BOL,2010,122846
Bolivia,BOL,2015,143008
Bolivia,BOL,2020,164121
Bonaire Sint Eustatius and Saba,BES,1990,13010
Bonaire Sint Eustatius and Saba,BES,1995,15101
Bonaire Sint Eustatius and Saba,BES,2000,14387
Bonaire Sint Eustatius and Saba,BES,2005,14399
Bonaire Sint Eustatius and Saba,BES,2010,20941
Bonaire Sint Eustatius and Saba,BES,2015,24571
Bonaire Sint Eustatius and Saba,BES,2020,26221
Bosnia and Herzegovina,BIH,1990,56000
Bosnia and Herzegovina,BIH,1995,69476
Bosnia and Herzegovina,BIH,2000,82952
Bosnia and Herzegovina,BIH,2005,47287
Bosnia and Herzegovina,BIH,2010,38945
Bosnia and Herzegovina,BIH,2015,38597
Bosnia and Herzegovina,BIH,2020,36042
Botswana,BWA,1990,27510
Botswana,BWA,1995,40168
Botswana,BWA,2000,74934
Botswana,BWA,2005,84661
Botswana,BWA,2010,94863
Botswana,BWA,2015,103053
Botswana,BWA,2020,110268
Brazil,BRA,1990,798517
Brazil,BRA,1995,741557
Brazil,BRA,2000,684596
Brazil,BRA,2005,638582
Brazil,BRA,2010,592640
Brazil,BRA,2015,710304
Brazil,BRA,2020,1079708
British Virgin Islands,VGB,1990,8035
British Virgin Islands,VGB,1995,10046
British Virgin Islands,VGB,2000,12958
British Virgin Islands,VGB,2005,15016
British Virgin Islands,VGB,2010,17076
British Virgin Islands,VGB,2015,19535
British Virgin Islands,VGB,2020,22164
Brunei,BRN,1990,73200
Brunei,BRN,1995,84748
Brunei,BRN,2000,96296
Brunei,BRN,2005,98441
Brunei,BRN,2010,100587
Brunei,BRN,2015,102733
Brunei,BRN,2020,111959
Bulgaria,BGR,1990,21510
Bulgaria,BGR,1995,32435
Bulgaria,BGR,2000,43360
Bulgaria,BGR,2005,61074
Bulgaria,BGR,2010,76287
Bulgaria,BGR,2015,123803
Bulgaria,BGR,2020,184363
Burkina Faso,BFA,1990,349652
Burkina Faso,BFA,1995,464104
Burkina Faso,BFA,2000,520363
Burkina Faso,BFA,2005,597658
Burkina Faso,BFA,2010,674438
Burkina Faso,BFA,2015,704676
Burkina Faso,BFA,2020,723989
Burundi,BDI,1990,333110
Burundi,BDI,1995,254853
Burundi,BDI,2000,125628
Burundi,BDI,2005,192774
Burundi,BDI,2010,247321
Burundi,BDI,2015,298299
Burundi,BDI,2020,344767
Cambodia,KHM,1990,38375
Cambodia,KHM,1995,92230
Cambodia,KHM,2000,146085
Cambodia,KHM,2005,114096
Cambodia,KHM,2010,82028
Cambodia,KHM,2015,73962
Cambodia,KHM,2020,79341
Cameroon,CMR,1990,265967
Cameroon,CMR,1995,244791
Cameroon,CMR,2000,227242
Cameroon,CMR,2005,265503
Cameroon,CMR,2010,291474
Cameroon,CMR,2015,508346
Cameroon,CMR,2020,579209
Canada,CAN,1990,4333318
Canada,CAN,1995,4864778
Canada,CAN,2000,5511914
Canada,CAN,2005,6078985
Canada,CAN,2010,6761226
Canada,CAN,2015,7428657
Canada,CAN,2020,8049323
Cape Verde,CPV,1990,8931
Cape Verde,CPV,1995,9979
Cape Verde,CPV,2000,11027
Cape Verde,CPV,2005,12700
Cape Verde,CPV,2010,14373
Cape Verde,CPV,2015,14924
Cape Verde,CPV,2020,15788
Caribbean,,1990,1031083
Caribbean,,1995,1121563
Caribbean,,2000,1216872
Caribbean,,2005,1275731
Caribbean,,2010,1338893
Caribbean,,2015,1501081
Caribbean,,2020,1605148
Cayman Islands,CYM,1990,9315
Cayman Islands,CYM,1995,12666
Cayman Islands,CYM,2000,19176
Cayman Islands,CYM,2005,20679
Cayman Islands,CYM,2010,24062
Cayman Islands,CYM,2015,26193
Cayman Islands,CYM,2020,29242
Central African Republic,CAF,1990,67234
Central African Republic,CAF,1995,99712
Central African Republic,CAF,2000,123529
Central African Republic,CAF,2005,96409
Central African Republic,CAF,2010,94685
Central African Republic,CAF,2015,81568
Central African Republic,CAF,2020,88546
Central America,,1990,1829911
Central America,,1995,1298916
Central America,,2000,1107577
Central America,,2005,1378041
Central America,,2010,1751028
Central America,,2015,1860215
Central America,,2020,2302001
Central Asia,,1990,6630683
Central Asia,,1995,5904795
Central Asia,,2000,5189082
Central Asia,,2005,5235877
Central Asia,,2010,5264938
Central Asia,,2015,5392792
Central Asia,,2020,5564042
Central and Southern Asia,,1990,26168623
Central and Southern Asia,,1995,21247814
Central and Southern Asia,,2000,20139825
Central and Southern Asia,,2005,18854544
Central and Southern Asia,,2010,19676783
Central and Southern Asia,,2015,19266265
Central and Southern Asia,,2020,19427576
Chad,TCD,1990,74342
Chad,TCD,1995,89584
Chad,TCD,2000,104825
Chad,TCD,2005,352130
Chad,TCD,2010,417034
Chad,TCD,2015,466968
Chad,TCD,2020,547494
Channel Islands,OWID_CIS,1990,61660
Channel Islands,OWID_CIS,1995,60519
Channel Islands,OWID_CIS,2000,64301
Channel Islands,OWID_CIS,2005,70941
Channel Islands,OWID_CIS,2010,77581
Channel Islands,OWID_CIS,2015,82307
Channel Islands,OWID_CIS,2020,84087
Chile,CHL,1990,107501
Chile,CHL,1995,142417
Chile,CHL,2000,177332
Chile,CHL,2005,276360
Chile,CHL,2010,375388
Chile,CHL,2015,639724
Chile,CHL,2020,1645015
China,CHN,1990,376361
China,CHN,1995,442198
China,CHN,2000,508034
China,CHN,2005,678947
China,CHN,2010,849861
China,CHN,2015,978046
China,CHN,2020,1039675
Colombia,COL,1990,104277
Colombia,COL,1995,106943
Colombia,COL,2000,109609
Colombia,COL,2005,106523
Colombia,COL,2010,130309
Colombia,COL,2015,159407
Colombia,COL,2020,1905393
Comoros,COM,1990,14079
Comoros,COM,1995,13939
Comoros,COM,2000,13799
Comoros,COM,2005,13209
Comoros,COM,2010,12618
Comoros,COM,2015,12555
Comoros,COM,2020,12496
Congo,COG,1990,129391
Congo,COG,1995,191635
Congo,COG,2000,305880
Congo,COG,2005,318724
Congo,COG,2010,425173
Congo,COG,2015,390142
Congo,COG,2020,387606
Cook Islands,COK,1990,2587
Cook Islands,COK,1995,2686
Cook Islands,COK,2000,2785
Cook Islands,COK,2005,3277
Cook Islands,COK,2010,3769
Cook Islands,COK,2015,4168
Cook Islands,COK,2020,4579
Costa Rica,CRI,1990,417628
Costa Rica,CRI,1995,364287
Costa Rica,CRI,2000,310946
Costa Rica,CRI,2005,358398
Costa Rica,CRI,2010,405779
Costa Rica,CRI,2015,411697
Costa Rica,CRI,2020,520729
Cote d'Ivoire,CIV,1990,1816426
Cote d'Ivoire,CIV,1995,2076394
Cote d'Ivoire,CIV,2000,2163644
Cote d'Ivoire,CIV,2005,2265090
Cote d'Ivoire,CIV,2010,2366537
Cote d'Ivoire,CIV,2015,2470613
Cote d'Ivoire,CIV,2020,2564857
Croatia,HRV,1990,475438
Croatia,HRV,1995,674085
Croatia,HRV,2000,585298
Croatia,HRV,2005,579273
Croatia,HRV,2010,573248
Croatia,HRV,2015,561093
Croatia,HRV,2020,528056
Cuba,CUB,1990,34555
Cuba,CUB,1995,26187
Cuba,CUB,2000,18545
Cuba,CUB,2005,11693
Cuba,CUB,2010,7373
Cuba,CUB,2015,4649
Cuba,CUB,2020,3024
Curacao,CUW,2010,34630
Curacao,CUW,2015,37611
Curacao,CUW,2020,57210
Cyprus,CYP,1990,43805
Cyprus,CYP,1995,61941
Cyprus,CYP,2000,80076
Cyprus,CYP,2005,122849
Cyprus,CYP,2010,188472
Cyprus,CYP,2015,176693
Cyprus,CYP,2020,190366
Czechia,CZE,1990,110394
Czechia,CZE,1995,165592
Czechia,CZE,2000,220789
Czechia,CZE,2005,322540
Czechia,CZE,2010,398493
Czechia,CZE,2015,416454
Czechia,CZE,2020,540921
Democratic Republic of Congo,COD,1990,754194
Democratic Republic of Congo,COD,1995,1816963
Democratic Republic of Congo,COD,2000,744387
Democratic Republic of Congo,COD,2005,623009
Democratic Republic of Congo,COD,2010,589882
Democratic Republic of Congo,COD,2015,810018
Democratic Republic of Congo,COD,2020,952871
Denmark,DNK,1990,235189
Denmark,DNK,1995,303108
Denmark,DNK,2000,371026
Denmark,DNK,2005,440383
Denmark,DNK,2010,500772
Denmark,DNK,2015,595876
Denmark,DNK,2020,717574
Developed regions,,1990,82767210
Developed regions,,1995,92935093
Developed regions,,2000,103962010
Developed regions,,2005,116678357
Developed regions,,2010,130562258
Developed regions,,2015,140394479
Developed regions,,2020,157253443
Djibouti,DJI,1990,122221
Djibouti,DJI,1995,99774
Djibouti,DJI,2000,100507
Djibouti,DJI,2005,92110
Djibouti,DJI,2010,102307
Djibouti,DJI,2015,112351
Djibouti,DJI,2020,119738
Dominica,DMA,1990,2519
Dominica,DMA,1995,3121
Dominica,DMA,2000,3723
Dominica,DMA,2005,4744
Dominica,DMA,2010,8110
Dominica,DMA,2015,8093
Dominica,DMA,2020,8284
Dominican Republic,DOM,1990,291151
Dominican Republic,DOM,1995,323381
Dominican Republic,DOM,2000,355611
Dominican Republic,DOM,2005,375417
Dominican Republic,DOM,2010,395479
Dominican Republic,DOM,2015,549289
Dominican Republic,DOM,2020,603794
East Timor,TLS,1990,8954
East Timor,TLS,1995,9743
East Timor,TLS,2000,10602
East Timor,TLS,2005,11286
East Timor,TLS,2010,11540
East Timor,TLS,2015,8520
East Timor,TLS,2020,8399
Eastern Africa,,1990,5959183
Eastern Africa,,1995,4977644
Eastern Africa,,2000,4847119
Eastern Africa,,2005,4788649
Eastern Africa,,2010,4743657
Eastern Africa,,2015,6696922
Eastern Africa,,2020,7682801
Eastern Asia,,1990,3959266
Eastern Asia,,1995,4639749
Eastern Asia,,2000,5393004
Eastern Asia,,2005,6228684
Eastern Asia,,2010,7062527
Eastern Asia,,2015,7866663
Eastern Asia,,2020,8975729
Eastern Europe,,1990,21995312
Eastern Europe,,1995,21344124
Eastern Europe,,2000,20435785
Eastern Europe,,2005,19744557
Eastern Europe,,2010,19110686
Eastern Europe,,2015,19833989
Eastern Europe,,2020,20835402
Eastern and South-Eastern Asia,,1990,6835882
Eastern and South-Eastern Asia,,1995,8339806
Eastern and South-Eastern Asia,,2000,10506212
Eastern and South-Eastern Asia,,2005,12979157
Eastern and South-Eastern Asia,,2010,15760463
Eastern and South-Eastern Asia,,2015,18027810
Eastern and South-Eastern Asia,,2020,19591106
Ecuador,ECU,1990,78663
Ecuador,ECU,1995,115093
Ecuador,ECU,2000,151523
Ecuador,ECU,2005,189893
Ecuador,ECU,2010,375253
Ecuador,ECU,2015,387513
Ecuador,ECU,2020,784787
Egypt,EGY,1990,173833
Egypt,EGY,1995,166955
Egypt,EGY,2000,184774
Egypt,EGY,2005,285006
Egypt,EGY,2010,310017
Egypt,EGY,2015,353641
Egypt,EGY,2020,543937
El Salvador,SLV,1990,47360
El Salvador,SLV,1995,39537
El Salvador,SLV,2000,31713
El Salvador,SLV,2005,36029
El Salvador,SLV,2010,40342
El Salvador,SLV,2015,42059
El Salvador,SLV,2020,42767
Equatorial Guinea,GNQ,1990,2740
Equatorial Guinea,GNQ,1995,3629
Equatorial Guinea,GNQ,2000,4517
Equatorial Guinea,GNQ,2005,6588
Equatorial Guinea,GNQ,2010,8658
Equatorial Guinea,GNQ,2015,209611
Equatorial Guinea,GNQ,2020,230618
Eritrea,ERI,1990,11848
Eritrea,ERI,1995,12400
Eritrea,ERI,2000,12952
Eritrea,ERI,2005,15905
Eritrea,ERI,2010,15813
Eritrea,ERI,2015,15941
Eritrea,ERI,2020,13934
Estonia,EST,1990,381997
Estonia,EST,1995,315755
Estonia,EST,2000,249512
Estonia,EST,2005,233701
Estonia,EST,2010,217890
Estonia,EST,2015,194664
Estonia,EST,2020,199277
Eswatini,SWZ,1990,74991
Eswatini,SWZ,1995,35157
Eswatini,SWZ,2000,34084
Eswatini,SWZ,2005,33392
Eswatini,SWZ,2010,32637
Eswatini,SWZ,2015,32352
Eswatini,SWZ,2020,32858
Ethiopia,ETH,1990,1155390
Ethiopia,ETH,1995,806904
Ethiopia,ETH,2000,611384
Ethiopia,ETH,2005,514451
Ethiopia,ETH,2010,568748
Ethiopia,ETH,2015,1161642
Ethiopia,ETH,2020,1085517
Europe,,1990,49608225
Europe,,1995,53489827
Europe,,2000,56858793
Europe,,2005,63585731
Europe,,2010,70627160
Europe,,2015,74759083
Europe,,2020,86706068
Europe and Northern America,,1990,77218633
Europe and Northern America,,1995,86830775
Europe and Northern America,,2000,97210503
Europe and Northern America,,2005,108948820
Europe and Northern America,,2010,121597684
Europe and Northern America,,2015,130392824
Europe and Northern America,,2020,145414863
Falkland Islands,FLK,1990,855
Falkland Islands,FLK,1995,868
Falkland Islands,FLK,2000,1067
Falkland Islands,FLK,2005,1166
Falkland Islands,FLK,2010,1436
Falkland Islands,FLK,2015,1571
Falkland Islands,FLK,2020,1957
Faroe Islands,FRO,1990,4285
Faroe Islands,FRO,1995,2900
Faroe Islands,FRO,2000,3593
Faroe Islands,FRO,2005,4583
Faroe Islands,FRO,2010,5096
Faroe Islands,FRO,2015,5485
Faroe Islands,FRO,2020,6812
Fiji,FJI,1990,13283
Fiji,FJI,1995,13001
Fiji,FJI,2000,12719
Fiji,FJI,2005,12434
Fiji,FJI,2010,13357
Fiji,FJI,2015,13751
Fiji,FJI,2020,14087
Finland,FIN,1990,63255
Finland,FIN,1995,99729
Finland,FIN,2000,136203
Finland,FIN,2005,192169
Finland,FIN,2010,228481
Finland,FIN,2015,314856
Finland,FIN,2020,386052
France,FRA,1990,5897267
France,FRA,1995,6087993
France,FRA,2000,6278718
France,FRA,2005,6737600
France,FRA,2010,7309986
France,FRA,2015,7878338
France,FRA,2020,8524876
French Guiana,GUF,1990,63612
French Guiana,GUF,1995,70131
French Guiana,GUF,2000,76649
French Guiana,GUF,2005,86468
French Guiana,GUF,2010,96288
French Guiana,GUF,2015,106108
French Guiana,GUF,2020,119249
French Polynesia,PYF,1990,25830
French Polynesia,PYF,1995,28360
French Polynesia,PYF,2000,30329
French Polynesia,PYF,2005,32286
French Polynesia,PYF,2010,31640
French Polynesia,PYF,2015,30058
French Polynesia,PYF,2020,30081
Gabon,GAB,1990,128188
Gabon,GAB,1995,171427
Gabon,GAB,2000,214431
Gabon,GAB,2005,233824
Gabon,GAB,2010,270829
Gabon,GAB,2015,378686
Gabon,GAB,2020,416651
Gambia,GMB,1990,118123
Gambia,GMB,1995,150890
Gambia,GMB,2000,182514
Gambia,GMB,2005,181839
Gambia,GMB,2010,185837
Gambia,GMB,2015,192540
Gambia,GMB,2020,215659
Georgia,GEO,1990,304470
Georgia,GEO,1995,152235
Georgia,GEO,2000,76117
Georgia,GEO,2005,71296
Georgia,GEO,2010,73078
Georgia,GEO,2015,76685
Georgia,GEO,2020,79368
Germany,DEU,1990,5936181
Germany,DEU,1995,7464406
Germany,DEU,2000,8992631
Germany,DEU,2005,9402447
Germany,DEU,2010,9812263
Germany,DEU,2015,10220418
Germany,DEU,2020,15762457
Ghana,GHA,1990,164851
Ghana,GHA,1995,252879
Ghana,GHA,2000,191601
Ghana,GHA,2005,309932
Ghana,GHA,2010,337766
Ghana,GHA,2015,414744
Ghana,GHA,2020,476412
Gibraltar,GIB,1990,8709
Gibraltar,GIB,1995,8381
Gibraltar,GIB,2000,8054
Gibraltar,GIB,2005,9211
Gibraltar,GIB,2010,10369
Gibraltar,GIB,2015,11065
Gibraltar,GIB,2020,11190
Greece,GRC,1990,618139
Greece,GRC,1995,857850
Greece,GRC,2000,1111665
Greece,GRC,2005,1190707
Greece,GRC,2010,1321149
Greece,GRC,2015,1242924
Greece,GRC,2020,1340456
Greenland,GRL,1990,9282
Greenland,GRL,1995,7121
Greenland,GRL,2000,6601
Greenland,GRL,2005,6556
Greenland,GRL,2010,6091
Greenland,GRL,2015,6009
Greenland,GRL,2020,5899
Grenada,GRD,1990,4263
Grenada,GRD,1995,5544
Grenada,GRD,2000,6825
Grenada,GRD,2005,6902
Grenada,GRD,2010,6980
Grenada,GRD,2015,7057
Grenada,GRD,2020,7213
Guadeloupe,GLP,1990,65944
Guadeloupe,GLP,1995,74566
Guadeloupe,GLP,2000,83188
Guadeloupe,GLP,2005,89065
Guadeloupe,GLP,2010,94942
Guadeloupe,GLP,2015,90956
Guadeloupe,GLP,2020,90206
Guam,GUM,1990,69755
Guam,GUM,1995,71912
Guam,GUM,2000,74070
Guam,GUM,2005,74743
Guam,GUM,2010,75416
Guam,GUM,2015,76089
Guam,GUM,2020,80472
Guatemala,GTM,1990,264257
Guatemala,GTM,1995,156188
Guatemala,GTM,2000,48119
Guatemala,GTM,2005,57214
Guatemala,GTM,2010,66386
Guatemala,GTM,2015,74852
Guatemala,GTM,2020,84311
Guinea,GIN,1990,403621
Guinea,GIN,1995,774505
Guinea,GIN,2000,560075
Guinea,GIN,2005,233419
Guinea,GIN,2010,178762
Guinea,GIN,2015,126657
Guinea,GIN,2020,121437
Guinea-Bissau,GNB,1990,15368
Guinea-Bissau,GNB,1995,27961
Guinea-Bissau,GNB,2000,20450
Guinea-Bissau,GNB,2005,20902
Guinea-Bissau,GNB,2010,21391
Guinea-Bissau,GNB,2015,22333
Guinea-Bissau,GNB,2020,17945
Guyana,GUY,1990,4095
Guyana,GUY,1995,6352
Guyana,GUY,2000,8610
Guyana,GUY,2005,10868
Guyana,GUY,2010,8182
Guyana,GUY,2015,8661
Guyana,GUY,2020,31169
Haiti,HTI,1990,19084
Haiti,HTI,1995,18129
Haiti,HTI,2000,17222
Haiti,HTI,2005,16360
Haiti,HTI,2010,17182
Haiti,HTI,2015,18047
Haiti,HTI,2020,18884
High-income countries,,1990,76295202
High-income countries,,1995,87896678
High-income countries,,2000,101641715
High-income countries,,2005,119026154
High-income countries,,2010,142642749
High-income countries,,2015,158516311
High-income countries,,2020,181897756
Honduras,HND,1990,270423
Honduras,HND,1995,149442
Honduras,HND,2000,28461
Honduras,HND,2005,27934
Honduras,HND,2010,27288
Honduras,HND,2015,38330
Honduras,HND,2020,39195
Hong Kong,HKG,1990,2218473
Hong Kong,HKG,1995,2443798
Hong Kong,HKG,2000,2669122
Hong Kong,HKG,2005,2721235
Hong Kong,HKG,2010,2779950
Hong Kong,HKG,2015,2841113
Hong Kong,HKG,2020,2962492
Hungary,HUN,1990,347510
Hungary,HUN,1995,322234
Hungary,HUN,2000,296957
Hungary,HUN,2005,366787
Hungary,HUN,2010,436616
Hungary,HUN,2015,475508
Hungary,HUN,2020,584567
Iceland,ISL,1990,9584
Iceland,ISL,1995,12738
Iceland,ISL,2000,15892
Iceland,ISL,2005,25492
Iceland,ISL,2010,35091
Iceland,ISL,2015,39072
Iceland,ISL,2020,65424
India,IND,1990,7594801
India,IND,1995,6952238
India,IND,2000,6411331
India,IND,2005,5936740
India,IND,2010,5574018
India,IND,2015,5210847
India,IND,2020,4878704
Indonesia,IDN,1990,465612
Indonesia,IDN,1995,378960
Indonesia,IDN,2000,292307
Indonesia,IDN,2005,289310
Indonesia,IDN,2010,307487
Indonesia,IDN,2015,338124
Indonesia,IDN,2020,355505
Iran,IRN,1990,4291601
Iran,IRN,1995,2937668
Iran,IRN,2000,2476469
Iran,IRN,2005,2552206
Iran,IRN,2010,2722397
Iran,IRN,2015,2729939
Iran,IRN,2020,2797235
Iraq,IRQ,1990,83638
Iraq,IRQ,1995,199460
Iraq,IRQ,2000,210525
Iraq,IRQ,2005,134863
Iraq,IRQ,2010,120466
Iraq,IRQ,2015,359352
Iraq,IRQ,2020,365766
Ireland,IRL,1990,227961
Ireland,IRL,1995,226892
Ireland,IRL,2000,350552
Ireland,IRL,2005,589046
Ireland,IRL,2010,730542
Ireland,IRL,2015,759256
Ireland,IRL,2020,871256
Isle of Man,IMN,1990,34769
Isle of Man,IMN,1995,36886
Isle of Man,IMN,2000,39002
Isle of Man,IMN,2005,41475
Isle of Man,IMN,2010,43447
Isle of Man,IMN,2015,42238
Isle of Man,IMN,2020,43040
Israel,ISR,1990,1632704
Israel,ISR,1995,1792185
Israel,ISR,2000,1851309
Israel,ISR,2005,1889503
Israel,ISR,2010,1956190
Israel,ISR,2015,2011727
Israel,ISR,2020,1953575
Italy,ITA,1990,1428219
Italy,ITA,1995,1774954
Italy,ITA,2000,2121688
Italy,ITA,2005,3954790
Italy,ITA,2010,5787893
Italy,ITA,2015,5805328
Italy,ITA,2020,6386998
Jamaica,JAM,1990,20475
Jamaica,JAM,1995,22713
Jamaica,JAM,2000,24952
Jamaica,JAM,2005,24284
Jamaica,JAM,2010,23677
Jamaica,JAM,2015,23165
Jamaica,JAM,2020,23629
Japan,JPN,1990,1075317
Japan,JPN,1995,1362371
Japan,JPN,2000,1686444
Japan,JPN,2005,2011555
Japan,JPN,2010,2134151
Japan,JPN,2015,2232189
Japan,JPN,2020,2770996
Jordan,JOR,1990,1146349
Jordan,JOR,1995,1537097
Jordan,JOR,2000,1927845
Jordan,JOR,2005,2198740
Jordan,JOR,2010,2786853
Jordan,JOR,2015,3166961
Jordan,JOR,2020,3457691
Kazakhstan,KAZ,1990,3619200
Kazakhstan,KAZ,1995,3251968
Kazakhstan,KAZ,2000,2874194
Kazakhstan,KAZ,2005,3103027
Kazakhstan,KAZ,2010,3334937
Kazakhstan,KAZ,2015,3546060
Kazakhstan,KAZ,2020,3732073
Kenya,KEN,1990,298089
Kenya,KEN,1995,618745
Kenya,KEN,2000,707852
Kenya,KEN,2005,773354
Kenya,KEN,2010,954925
Kenya,KEN,2015,1126886
Kenya,KEN,2020,1050147
Kiribati,KIR,1990,2162
Kiribati,KIR,1995,2223
Kiribati,KIR,2000,2283
Kiribati,KIR,2005,2487
Kiribati,KIR,2010,2868
Kiribati,KIR,2015,2919
Kiribati,KIR,2020,3126
Kuwait,KWT,1990,1074391
Kuwait,KWT,1995,921954
Kuwait,KWT,2000,1127640
Kuwait,KWT,2005,1333530
Kuwait,KWT,2010,1874812
Kuwait,KWT,2015,2866136
Kuwait,KWT,2020,3110159
Kyrgyzstan,KGZ,1990,623083
Kyrgyzstan,KGZ,1995,518338
Kyrgyzstan,KGZ,2000,389824
Kyrgyzstan,KGZ,2005,309399
Kyrgyzstan,KGZ,2010,232065
Kyrgyzstan,KGZ,2015,204382
Kyrgyzstan,KGZ,2020,199011
Land-locked Developing Countries (LLDC),,1990,14212843
Land-locked Developing Countries (LLDC),,1995,12370057
Land-locked Developing Countries (LLDC),,2000,11503826
Land-locked Developing Countries (LLDC),,2005,11576028
Land-locked Developing Countries (LLDC),,2010,11597176
Land-locked Developing Countries (LLDC),,2015,13821420
Land-locked Developing Countries (LLDC),,2020,15022720
Laos,LAO,1990,22866
Laos,LAO,1995,23526
Laos,LAO,2000,21948
Laos,LAO,2005,20371
Laos,LAO,2010,32955
Laos,LAO,2015,45538
Laos,LAO,2020,48731
Latin America and the Caribbean,,1990,7135971
Latin America and the Caribbean,,1995,6661553
Latin America and the Caribbean,,2000,6539738
Latin America and the Caribbean,,2005,7184113
Latin America and the Caribbean,,2010,8326588
Latin America and the Caribbean,,2015,9441503
Latin America and the Caribbean,,2020,14794623
Latvia,LVA,1990,646007
Latvia,LVA,1995,538093
Latvia,LVA,2000,430178
Latvia,LVA,2005,376725
Latvia,LVA,2010,313786
Latvia,LVA,2015,265418
Latvia,LVA,2020,239422
Least developed countries,,1990,11060221
Least developed countries,,1995,11681777
Least developed countries,,2000,10063948
Least developed countries,,2005,9792011
Least developed countries,,2010,10431876
Least developed countries,,2015,13440115
Least developed countries,,2020,16184725
Lebanon,LBN,1990,523693
Lebanon,LBN,1995,608303
Lebanon,LBN,2000,692913
Lebanon,LBN,2005,742243
Lebanon,LBN,2010,793191
Lebanon,LBN,2015,1916259
Lebanon,LBN,2020,1712762
Lesotho,LSO,1990,8240
Lesotho,LSO,1995,7204
Lesotho,LSO,2000,6167
Lesotho,LSO,2005,6290
Lesotho,LSO,2010,6414
Lesotho,LSO,2015,9152
Lesotho,LSO,2020,12060
Less developed regions,,1990,70218947
Less developed regions,,1995,68354883
Less developed regions,,2000,69268575
Less developed regions,,2005,74768471
Less developed regions,,2010,90420929
Less developed regions,,2015,107564165
Less developed regions,,2020,123344662
"Less developed regions, excluding China",,1990,67419066
"Less developed regions, excluding China",,1995,65243958
"Less developed regions, excluding China",,2000,65850628
"Less developed regions, excluding China",,2005,71088981
"Less developed regions, excluding China",,2010,86472612
"Less developed regions, excluding China",,2015,103368940
"Less developed regions, excluding China",,2020,118939005
"Less developed regions, excluding least developed countries",,1990,59158726
"Less developed regions, excluding least developed countries",,1995,56673106
"Less developed regions, excluding least developed countries",,2000,59204627
"Less developed regions, excluding least developed countries",,2005,64976460
"Less developed regions, excluding least developed countries",,2010,79989053
"Less developed regions, excluding least developed countries",,2015,94124050
"Less developed regions, excluding least developed countries",,2020,107159937
Liberia,LBR,1990,94964
Liberia,LBR,1995,208563
Liberia,LBR,2000,151868
Liberia,LBR,2005,87217
Liberia,LBR,2010,99165
Liberia,LBR,2015,112111
Liberia,LBR,2020,87947
Libya,LBY,1990,457075
Libya,LBY,1995,508041
Libya,LBY,2000,567436
Libya,LBY,2005,625412
Libya,LBY,2010,687192
Libya,LBY,2015,771146
Libya,LBY,2020,826537
Liechtenstein,LIE,1990,10906
Liechtenstein,LIE,1995,13311
Liechtenstein,LIE,2000,15483
Liechtenstein,LIE,2005,18898
Liechtenstein,LIE,2010,22342
Liechtenstein,LIE,2015,23799
Liechtenstein,LIE,2020,25877
Lithuania,LTU,1990,349258
Lithuania,LTU,1995,273587
Lithuania,LTU,2000,214311
Lithuania,LTU,2005,201209
Lithuania,LTU,2010,160772
Lithuania,LTU,2015,136021
Lithuania,LTU,2020,145184
Low-income countries,,1990,9193274
Low-income countries,,1995,8995692
Low-income countries,,2000,7322731
Low-income countries,,2005,7227899
Low-income countries,,2010,8781206
Low-income countries,,2015,10321749
Low-income countries,,2020,12232043
Lower-middle-income countries,,1990,31939653
Lower-middle-income countries,,1995,28857674
Lower-middle-income countries,,2000,28051065
Lower-middle-income countries,,2005,26537810
Lower-middle-income countries,,2010,26989631
Lower-middle-income countries,,2015,27605987
Lower-middle-income countries,,2020,28512090
Luxembourg,LUX,1990,113795
Luxembourg,LUX,1995,126106
Luxembourg,LUX,2000,139750
Luxembourg,LUX,2005,150618
Luxembourg,LUX,2010,163142
Luxembourg,LUX,2015,248888
Luxembourg,LUX,2020,298062
Macao,MAC,1990,205047
Macao,MAC,1995,224929
Macao,MAC,2000,240791
Macao,MAC,2005,279308
Macao,MAC,2010,318506
Macao,MAC,2015,376066
Macao,MAC,2020,403490
Madagascar,MDG,1990,23917
Madagascar,MDG,1995,21177
Madagascar,MDG,2000,23541
Madagascar,MDG,2005,26058
Madagascar,MDG,2010,28905
Madagascar,MDG,2015,32075
Madagascar,MDG,2020,35563
Malawi,MWI,1990,1127724
Malawi,MWI,1995,241624
Malawi,MWI,2000,232620
Malawi,MWI,2005,221661
Malawi,MWI,2010,217722
Malawi,MWI,2015,197328
Malawi,MWI,2020,191362
Malaysia,MYS,1990,695920
Malaysia,MYS,1995,937368
Malaysia,MYS,2000,1463598
Malaysia,MYS,2005,1918504
Malaysia,MYS,2010,2417395
Malaysia,MYS,2015,3280681
Malaysia,MYS,2020,3476560
Maldives,MDV,1990,8689
Maldives,MDV,1995,18510
Maldives,MDV,2000,27092
Maldives,MDV,2005,45045
Maldives,MDV,2010,54659
Maldives,MDV,2015,64273
Maldives,MDV,2020,70079
Mali,MLI,1990,160736
Mali,MLI,1995,176187
Mali,MLI,2000,189475
Mali,MLI,2005,258630
Mali,MLI,2010,341078
Mali,MLI,2015,420504
Mali,MLI,2020,485829
Malta,MLT,1990,15077
Malta,MLT,1995,17740
Malta,MLT,2000,21521
Malta,MLT,2005,24560
Malta,MLT,2010,33008
Malta,MLT,2015,52642
Malta,MLT,2020,114760
Marshall Islands,MHL,1990,1158
Marshall Islands,MHL,1995,1480
Marshall Islands,MHL,2000,1891
Marshall Islands,MHL,2005,2417
Marshall Islands,MHL,2010,3089
Marshall Islands,MHL,2015,3284
Marshall Islands,MHL,2020,3298
Martinique,MTQ,1990,38705
Martinique,MTQ,1995,46599
Martinique,MTQ,2000,54492
Martinique,MTQ,2005,57034
Martinique,MTQ,2010,59575
Martinique,MTQ,2015,69174
Martinique,MTQ,2020,68624
Mauritania,MRT,1990,111650
Mauritania,MRT,1995,89562
Mauritania,MRT,2000,57366
Mauritania,MRT,2005,58211
Mauritania,MRT,2010,84920
Mauritania,MRT,2015,166552
Mauritania,MRT,2020,182286
Mauritius,MUS,1990,3613
Mauritius,MUS,1995,7493
Mauritius,MUS,2000,15543
Mauritius,MUS,2005,19647
Mauritius,MUS,2010,24836
Mauritius,MUS,2015,28585
Mauritius,MUS,2020,28893
Mayotte,MYT,1990,15229
Mayotte,MYT,1995,26316
Mayotte,MYT,2000,45474
Mayotte,MYT,2005,63176
Mayotte,MYT,2010,72757
Mayotte,MYT,2015,81386
Mayotte,MYT,2020,111540
Melanesia,OWID_MNS,1990,91200
Melanesia,OWID_MNS,1995,96828
Melanesia,OWID_MNS,2000,95281
Melanesia,OWID_MNS,2005,103881
Melanesia,OWID_MNS,2010,110691
Melanesia,OWID_MNS,2015,119343
Melanesia,OWID_MNS,2020,124073
Mexico,MEX,1990,695674
Mexico,MEX,1995,458549
Mexico,MEX,2000,538051
Mexico,MEX,2005,712648
Mexico,MEX,2010,969710
Mexico,MEX,2015,1013691
Mexico,MEX,2020,1197624
Micronesia,,1990,108969
Micronesia,,1995,118687
Micronesia,,2000,130186
Micronesia,,2005,128390
Micronesia,,2010,114743
Micronesia,,2015,113466
Micronesia,,2020,118860
Micronesia (country),FSM,1990,3685
Micronesia (country),FSM,1995,3342
Micronesia (country),FSM,2000,3116
Micronesia (country),FSM,2005,2905
Micronesia (country),FSM,2010,2806
Micronesia (country),FSM,2015,2756
Micronesia (country),FSM,2020,2832
Middle Africa,,1990,1461155
Middle Africa,,1995,2662490
Middle Africa,,2000,1775284
Middle Africa,,2005,1961951
Middle Africa,,2010,2436802
Middle Africa,,2015,3479911
Middle Africa,,2020,3861568
Middle-income countries,,1990,67228996
Middle-income countries,,1995,64071357
Middle-income countries,,2000,63873275
Middle-income countries,,2005,64747471
Middle-income countries,,2010,69069732
Middle-income countries,,2015,78597464
Middle-income countries,,2020,85895533
Moldova,MDA,1990,544162
Moldova,MDA,1995,367231
Moldova,MDA,2000,247828
Moldova,MDA,2005,171122
Moldova,MDA,2010,129488
Moldova,MDA,2015,106374
Moldova,MDA,2020,104438
Monaco,MCO,1990,20359
Monaco,MCO,1995,21060
Monaco,MCO,2000,21787
Monaco,MCO,2005,21312
Monaco,MCO,2010,21132
Monaco,MCO,2015,25983
Monaco,MCO,2020,26601
Mongolia,MNG,1990,6718
Mongolia,MNG,1995,7424
Mongolia,MNG,2000,8206
Mongolia,MNG,2005,11477
Mongolia,MNG,2010,16062
Mongolia,MNG,2015,19886
Mongolia,MNG,2020,21345
Montenegro,MNE,2010,78512
Montenegro,MNE,2015,71719
Montenegro,MNE,2020,70999
Montserrat,MSR,1990,2013
Montserrat,MSR,1995,1612
Montserrat,MSR,2000,1211
Montserrat,MSR,2005,1244
Montserrat,MSR,2010,1291
Montserrat,MSR,2015,1351
Montserrat,MSR,2020,1379
Morocco,MAR,1990,54895
Morocco,MAR,1995,50360
Morocco,MAR,2000,53034
Morocco,MAR,2005,56222
Morocco,MAR,2010,71189
Morocco,MAR,2015,92424
Morocco,MAR,2020,102358
Mozambique,MOZ,1990,122332
Mozambique,MOZ,1995,168256
Mozambique,MOZ,2000,195702
Mozambique,MOZ,2005,268694
Mozambique,MOZ,2010,306471
Mozambique,MOZ,2015,321794
Mozambique,MOZ,2020,338850
Myanmar,MMR,1990,133545
Myanmar,MMR,1995,113663
Myanmar,MMR,2000,98011
Myanmar,MMR,2005,83025
Myanmar,MMR,2010,76414
Myanmar,MMR,2015,73309
Myanmar,MMR,2020,76446
Namibia,NAM,1990,120641
Namibia,NAM,1995,115372
Namibia,NAM,2000,135547
Namibia,NAM,2005,107347
Namibia,NAM,2010,103826
Namibia,NAM,2015,101618
Namibia,NAM,2020,109391
Nauru,NRU,1990,2815
Nauru,NRU,1995,2605
Nauru,NRU,2000,2394
Nauru,NRU,2005,2253
Nauru,NRU,2010,906
Nauru,NRU,2015,1833
Nauru,NRU,2020,2201
Nepal,NPL,1990,429974
Nepal,NPL,1995,690225
Nepal,NPL,2000,717900
Nepal,NPL,2005,680729
Nepal,NPL,2010,581889
Nepal,NPL,2015,509471
Nepal,NPL,2020,487564
Netherlands,NLD,1990,1182263
Netherlands,NLD,1995,1346164
Netherlands,NLD,2000,1556337
Netherlands,NLD,2005,1736127
Netherlands,NLD,2010,1832510
Netherlands,NLD,2015,1996318
Netherlands,NLD,2020,2358333
New Caledonia,NCL,1990,37673
New Caledonia,NCL,1995,43662
New Caledonia,NCL,2000,49651
New Caledonia,NCL,2005,55405
New Caledonia,NCL,2010,61158
New Caledonia,NCL,2015,68881
New Caledonia,NCL,2020,73141
New Zealand,NZL,1990,518047
New Zealand,NZL,1995,588617
New Zealand,NZL,2000,678813
New Zealand,NZL,2005,839952
New Zealand,NZL,2010,947443
New Zealand,NZL,2015,1039736
New Zealand,NZL,2020,1381724
Nicaragua,NIC,1990,41421
Nicaragua,NIC,1995,26619
Nicaragua,NIC,2000,30389
Nicaragua,NIC,2005,34919
Nicaragua,NIC,2010,37345
Nicaragua,NIC,2015,40261
Nicaragua,NIC,2020,42167
Niger,NER,1990,115464
Niger,NER,1995,145999
Niger,NER,2000,122260
Niger,NER,2005,124509
Niger,NER,2010,126482
Niger,NER,2015,252998
Niger,NER,2020,348056
Nigeria,NGA,1990,456621
Nigeria,NGA,1995,462999
Nigeria,NGA,2000,487882
Nigeria,NGA,2005,969714
Nigeria,NGA,2010,990494
Nigeria,NGA,2015,1199115
Nigeria,NGA,2020,1308568
Niue,NIU,1990,461
Niue,NIU,1995,480
Niue,NIU,2000,498
Niue,NIU,2005,522
Niue,NIU,2010,589
Niue,NIU,2015,588
Niue,NIU,2020,588
North Korea,PRK,1990,34103
North Korea,PRK,1995,35143
North Korea,PRK,2000,36183
North Korea,PRK,2005,40097
North Korea,PRK,2010,44010
North Korea,PRK,2015,48458
North Korea,PRK,2020,49549
North Macedonia,MKD,1990,95142
North Macedonia,MKD,1995,109343
North Macedonia,MKD,2000,125665
North Macedonia,MKD,2005,127667
North Macedonia,MKD,2010,129701
North Macedonia,MKD,2015,130730
North Macedonia,MKD,2020,131311
Northern Africa,,1990,2403325
Northern Africa,,1995,2081640
Northern Africa,,2000,1900448
Northern Africa,,2005,1749718
Northern Africa,,2010,1952040
Northern Africa,,2015,2138918
Northern Africa,,2020,3167926
Northern Africa and Western Asia,,1990,17608769
Northern Africa and Western Asia,,1995,18912064
Northern Africa and Western Asia,,2000,20321397
Northern Africa and Western Asia,,2005,23165804
Northern Africa and Western Asia,,2010,32638434
Northern Africa and Western Asia,,2015,42036092
Northern Africa and Western Asia,,2020,49767746
Northern America,,1990,27610408
Northern America,,1995,33340948
Northern America,,2000,40351710
Northern America,,2005,45363089
Northern America,,2010,50970524
Northern America,,2015,55633741
Northern America,,2020,58708795
Northern Europe,,1990,6645605
Northern Europe,,1995,7194824
Northern Europe,,2000,7900973
Northern Europe,,2005,9588814
Northern Europe,,2010,11294937
Northern Europe,,2015,13191086
Northern Europe,,2020,14973861
Northern Mariana Islands,MNP,1990,26593
Northern Mariana Islands,MNP,1995,32376
Northern Mariana Islands,MNP,2000,40122
Northern Mariana Islands,MNP,2005,37542
Northern Mariana Islands,MNP,2010,24168
Northern Mariana Islands,MNP,2015,21648
Northern Mariana Islands,MNP,2020,21843
Norway,NOR,1990,192587
Norway,NOR,1995,233302
Norway,NOR,2000,292440
Norway,NOR,2005,361144
Norway,NOR,2010,524601
Norway,NOR,2015,746375
Norway,NOR,2020,852238
Oceania,,1990,4731938
Oceania,,1995,5022527
Oceania,,2000,5361681
Oceania,,2005,6024021
Oceania,,2010,7128598
Oceania,,2015,8072276
Oceania,,2020,9380653
Oceania (excluding Australia and New Zealand),,1990,258678
Oceania (excluding Australia and New Zealand),,1995,280580
Oceania (excluding Australia and New Zealand),,2000,296618
Oceania (excluding Australia and New Zealand),,2005,306039
Oceania (excluding Australia and New Zealand),,2010,298175
Oceania (excluding Australia and New Zealand),,2015,302810
Oceania (excluding Australia and New Zealand),,2020,313069
Oman,OMN,1990,304000
Oman,OMN,1995,539643
Oman,OMN,2000,623608
Oman,OMN,2005,666164
Oman,OMN,2010,816234
Oman,OMN,2015,1856226
Oman,OMN,2020,2372836
Pakistan,PAK,1990,6208204
Pakistan,PAK,1995,3669308
Pakistan,PAK,2000,4181912
Pakistan,PAK,2005,3174558
Pakistan,PAK,2010,3943681
Pakistan,PAK,2015,3506520
Pakistan,PAK,2020,3276580
Palau,PLW,1990,2801
Palau,PLW,1995,4749
Palau,PLW,2000,6310
Palau,PLW,2005,6043
Palau,PLW,2010,5490
Palau,PLW,2015,4937
Palau,PLW,2020,5088
Palestine,PSE,1990,288332
Palestine,PSE,1995,281767
Palestine,PSE,2000,275202
Palestine,PSE,2005,274520
Palestine,PSE,2010,273840
Palestine,PSE,2015,273163
Palestine,PSE,2020,272784
Panama,PAN,1990,62744
Panama,PAN,1995,70848
Panama,PAN,2000,83410
Panama,PAN,2005,109461
Panama,PAN,2010,157788
Panama,PAN,2015,184710
Panama,PAN,2020,313165
Papua New Guinea,PNG,1990,33710
Papua New Guinea,PNG,1995,33526
Papua New Guinea,PNG,2000,26304
Papua New Guinea,PNG,2005,29971
Papua New Guinea,PNG,2010,30425
Papua New Guinea,PNG,2015,30940
Papua New Guinea,PNG,2020,31068
Paraguay,PRY,1990,195884
Paraguay,PRY,1995,186570
Paraguay,PRY,2000,176608
Paraguay,PRY,2005,168243
Paraguay,PRY,2010,160299
Paraguay,PRY,2015,156462
Paraguay,PRY,2020,169567
Peru,PER,1990,56688
Peru,PER,1995,56732
Peru,PER,2000,66300
Peru,PER,2005,77877
Peru,PER,2010,104706
Peru,PER,2015,154774
Peru,PER,2020,1224519
Philippines,PHL,1990,154071
Philippines,PHL,1995,207345
Philippines,PHL,2000,318095
Philippines,PHL,2005,257468
Philippines,PHL,2010,208599
Philippines,PHL,2015,211862
Philippines,PHL,2020,225525
Poland,POL,1990,1127771
Poland,POL,1995,964725
Poland,POL,2000,825251
Poland,POL,2005,722509
Poland,POL,2010,642417
Poland,POL,2015,611855
Poland,POL,2020,817254
Polynesia,OWID_PYA,1990,58509
Polynesia,OWID_PYA,1995,65065
Polynesia,OWID_PYA,2000,71151
Polynesia,OWID_PYA,2005,73768
Polynesia,OWID_PYA,2010,72741
Polynesia,OWID_PYA,2015,70001
Polynesia,OWID_PYA,2020,70136
Portugal,PRT,1990,435782
Portugal,PRT,1995,532822
Portugal,PRT,2000,651472
Portugal,PRT,2005,771184
Portugal,PRT,2010,762825
Portugal,PRT,2015,864814
Portugal,PRT,2020,1001963
Puerto Rico,PRI,1990,321909
Puerto Rico,PRI,1995,338067
Puerto Rico,PRI,2000,355038
Puerto Rico,PRI,2005,352144
Puerto Rico,PRI,2010,304969
Puerto Rico,PRI,2015,280494
Puerto Rico,PRI,2020,247132
Qatar,QAT,1990,309753
Qatar,QAT,1995,361673
Qatar,QAT,2000,359697
Qatar,QAT,2005,646026
Qatar,QAT,2010,1456413
Qatar,QAT,2015,1687640
Qatar,QAT,2020,2226192
Reunion,REU,1990,57210
Reunion,REU,1995,77159
Reunion,REU,2000,100678
Reunion,REU,2005,115076
Reunion,REU,2010,123029
Reunion,REU,2015,127209
Reunion,REU,2020,131769
Romania,ROU,1990,135825
Romania,ROU,1995,135037
Romania,ROU,2000,134254
Romania,ROU,2005,145162
Romania,ROU,2010,177211
Romania,ROU,2015,281048
Romania,ROU,2020,705310
Russia,RUS,1990,11524948
Russia,RUS,1995,11928927
Russia,RUS,2000,11900297
Russia,RUS,2005,11667588
Russia,RUS,2010,11194710
Russia,RUS,2015,11643276
Russia,RUS,2020,11636911
Rwanda,RWA,1990,160024
Rwanda,RWA,1995,215735
Rwanda,RWA,2000,347076
Rwanda,RWA,2005,423187
Rwanda,RWA,2010,426901
Rwanda,RWA,2015,514647
Rwanda,RWA,2020,513907
Saint Helena,SHN,1990,178
Saint Helena,SHN,1995,117
Saint Helena,SHN,2000,108
Saint Helena,SHN,2005,163
Saint Helena,SHN,2010,248
Saint Helena,SHN,2015,377
Saint Helena,SHN,2020,437
Saint Kitts and Nevis,KNA,1990,3210
Saint Kitts and Nevis,KNA,1995,4248
Saint Kitts and Nevis,KNA,2000,5871
Saint Kitts and Nevis,KNA,2005,6682
Saint Kitts and Nevis,KNA,2010,7245
Saint Kitts and Nevis,KNA,2015,7443
Saint Kitts and Nevis,KNA,2020,7725
Saint Lucia,LCA,1990,5305
Saint Lucia,LCA,1995,7155
Saint Lucia,LCA,2000,9871
Saint Lucia,LCA,2005,9839
Saint Lucia,LCA,2010,9050
Saint Lucia,LCA,2015,8673
Saint Lucia,LCA,2020,8338
Saint Pierre and Miquelon,SPM,1990,1099
Saint Pierre and Miquelon,SPM,1995,1320
Saint Pierre and Miquelon,SPM,2000,1458
Saint Pierre and Miquelon,SPM,2005,1147
Saint Pierre and Miquelon,SPM,2010,1017
Saint Pierre and Miquelon,SPM,2015,986
Saint Pierre and Miquelon,SPM,2020,998
Saint Vincent and the Grenadines,VCT,1990,3970
Saint Vincent and the Grenadines,VCT,1995,4135
Saint Vincent and the Grenadines,VCT,2000,4307
Saint Vincent and the Grenadines,VCT,2005,4436
Saint Vincent and the Grenadines,VCT,2010,4569
Saint Vincent and the Grenadines,VCT,2015,4637
Saint Vincent and the Grenadines,VCT,2020,4738
Samoa,WSM,1990,3357
Samoa,WSM,1995,4694
Samoa,WSM,2000,5998
Samoa,WSM,2005,5746
Samoa,WSM,2010,5122
Samoa,WSM,2015,4255
Samoa,WSM,2020,4021
San Marino,SMR,1990,3310
San Marino,SMR,1995,3659
San Marino,SMR,2000,4045
San Marino,SMR,2005,4218
San Marino,SMR,2010,4880
San Marino,SMR,2015,5195
San Marino,SMR,2020,5543
Sao Tome and Principe,STP,1990,5582
Sao Tome and Principe,STP,1995,4936
Sao Tome and Principe,STP,2000,4365
Sao Tome and Principe,STP,2005,3433
Sao Tome and Principe,STP,2010,2700
Sao Tome and Principe,STP,2015,2394
Sao Tome and Principe,STP,2020,2139
Saudi Arabia,SAU,1990,4998445
Saudi Arabia,SAU,1995,5122702
Saudi Arabia,SAU,2000,5263387
Saudi Arabia,SAU,2005,6501819
Saudi Arabia,SAU,2010,8429956
Saudi Arabia,SAU,2015,10771366
Saudi Arabia,SAU,2020,13454842
Senegal,SEN,1990,270410
Senegal,SEN,1995,287654
Senegal,SEN,2000,231901
Senegal,SEN,2005,238298
Senegal,SEN,2010,256092
Senegal,SEN,2015,266496
Senegal,SEN,2020,274929
Serbia,SRB,1990,99269
Serbia,SRB,1995,870980
Serbia,SRB,2000,977873
Serbia,SRB,2005,854848
Serbia,SRB,2010,826275
Serbia,SRB,2015,807441
Serbia,SRB,2020,823011
Seychelles,SYC,1990,3721
Seychelles,SYC,1995,5148
Seychelles,SYC,2000,6574
Seychelles,SYC,2005,8997
Seychelles,SYC,2010,11420
Seychelles,SYC,2015,12791
Seychelles,SYC,2020,13050
Sierra Leone,SLE,1990,222148
Sierra Leone,SLE,1995,98516
Sierra Leone,SLE,2000,97974
Sierra Leone,SLE,2005,146227
Sierra Leone,SLE,2010,79265
Sierra Leone,SLE,2015,58830
Sierra Leone,SLE,2020,53746
Singapore,SGP,1990,727262
Singapore,SGP,1995,991492
Singapore,SGP,2000,1351691
Singapore,SGP,2005,1710594
Singapore,SGP,2010,2164794
Singapore,SGP,2015,2483405
Singapore,SGP,2020,2523648
Sint Maarten (Dutch part),SXM,2005,13099
Sint Maarten (Dutch part),SXM,2010,26203
Sint Maarten (Dutch part),SXM,2015,27295
Sint Maarten (Dutch part),SXM,2020,28845
Slovakia,SVK,1990,41295
Slovakia,SVK,1995,69323
Slovakia,SVK,2000,116376
Slovakia,SVK,2005,130491
Slovakia,SVK,2010,146319
Slovakia,SVK,2015,177624
Slovakia,SVK,2020,197161
Slovenia,SVN,1990,178077
Slovenia,SVN,1995,174419
Slovenia,SVN,2000,214508
Slovenia,SVN,2005,217218
Slovenia,SVN,2010,253786
Slovenia,SVN,2015,237616
Slovenia,SVN,2020,277964
Small island developing States (SIDS),,1990,2312665
Small island developing States (SIDS),,1995,2758806
Small island developing States (SIDS),,2000,3287168
Small island developing States (SIDS),,2005,3918084
Small island developing States (SIDS),,2010,4710457
Small island developing States (SIDS),,2015,5273967
Small island developing States (SIDS),,2020,5678001
Solomon Islands,SLB,1990,4226
Solomon Islands,SLB,1995,4178
Solomon Islands,SLB,2000,3981
Solomon Islands,SLB,2005,3271
Solomon Islands,SLB,2010,2760
Solomon Islands,SLB,2015,2585
Solomon Islands,SLB,2020,2520
Somalia,SOM,1990,478294
Somalia,SOM,1995,19527
Somalia,SOM,2000,20097
Somalia,SOM,2005,20768
Somalia,SOM,2010,48106
Somalia,SOM,2015,40990
Somalia,SOM,2020,58590
South Africa,ZAF,1990,1163883
South Africa,ZAF,1995,1003807
South Africa,ZAF,2000,1016963
South Africa,ZAF,2005,1351031
South Africa,ZAF,2010,2114801
South Africa,ZAF,2015,3231728
South Africa,ZAF,2020,2860495
South America,,1990,4274977
South America,,1995,4241074
South America,,2000,4215289
South America,,2005,4530341
South America,,2010,5236667
South America,,2015,6080207
South America,,2020,10887474
South Korea,KOR,1990,43247
South Korea,KOR,1995,123886
South Korea,KOR,2000,244224
South Korea,KOR,2005,486065
South Korea,KOR,2010,919987
South Korea,KOR,2015,1370905
South Korea,KOR,2020,1728182
South Sudan,SSD,2010,230732
South Sudan,SSD,2015,844112
South Sudan,SSD,2020,882252
South-Eastern Asia,,1990,2876616
South-Eastern Asia,,1995,3700057
South-Eastern Asia,,2000,5113208
South-Eastern Asia,,2005,6750473
South-Eastern Asia,,2010,8697936
South-Eastern Asia,,2015,10161147
South-Eastern Asia,,2020,10615377
Southern Africa,,1990,1395265
Southern Africa,,1995,1201708
Southern Africa,,2000,1267695
Southern Africa,,2005,1582721
Southern Africa,,2010,2352541
Southern Africa,,2015,3477903
Southern Africa,,2020,3125072
Southern Asia,,1990,19537940
Southern Asia,,1995,15343019
Southern Asia,,2000,14950743
Southern Asia,,2005,13618667
Southern Asia,,2010,14411845
Southern Asia,,2015,13873473
Southern Asia,,2020,13863534
Southern Europe,,1990,4340433
Southern Europe,,1995,6230114
Southern Europe,,2000,7681658
Southern Europe,,2005,12004024
Southern Europe,,2010,16206273
Southern Europe,,2015,15815457
Southern Europe,,2020,17665688
Spain,ESP,1990,821605
Spain,ESP,1995,1020067
Spain,ESP,2000,1657285
Spain,ESP,2005,4107226
Spain,ESP,2010,6280062
Spain,ESP,2015,5891208
Spain,ESP,2020,6842202
Sri Lanka,LKA,1990,41561
Sri Lanka,LKA,1995,40841
Sri Lanka,LKA,2000,40132
Sri Lanka,LKA,2005,39526
Sri Lanka,LKA,2010,38959
Sri Lanka,LKA,2015,39706
Sri Lanka,LKA,2020,40254
Sub-Saharan Africa,,1990,13286341
Sub-Saharan Africa,,1995,14275437
Sub-Saharan Africa,,2000,13151229
Sub-Saharan Africa,,2005,14290369
Sub-Saharan Africa,,2010,15854637
Sub-Saharan Africa,,2015,20721874
Sub-Saharan Africa,,2020,22221538
Sudan,SDN,1990,1402896
Sudan,SDN,1995,1053396
Sudan,SDN,2000,805086
Sudan,SDN,2005,546419
Sudan,SDN,2010,618709
Sudan,SDN,2015,620523
Sudan,SDN,2020,1379147
Suriname,SUR,1990,18083
Suriname,SUR,1995,22320
Suriname,SUR,2000,27506
Suriname,SUR,2005,33662
Suriname,SUR,2010,39713
Suriname,SUR,2015,43127
Suriname,SUR,2020,47801
Sweden,SWE,1990,788767
Sweden,SWE,1995,936022
Sweden,SWE,2000,1003798
Sweden,SWE,2005,1125790
Sweden,SWE,2010,1337214
Sweden,SWE,2015,1602522
Sweden,SWE,2020,2003908
Switzerland,CHE,1990,1392282
Switzerland,CHE,1995,1478829
Switzerland,CHE,2000,1570756
Switzerland,CHE,2005,1805437
Switzerland,CHE,2010,2075182
Switzerland,CHE,2015,2258196
Switzerland,CHE,2020,2491249
Syria,SYR,1990,714140
Syria,SYR,1995,830610
Syria,SYR,2000,834916
Syria,SYR,2005,882398
Syria,SYR,2010,1783595
Syria,SYR,2015,835716
Syria,SYR,2020,868711
Tajikistan,TJK,1990,428900
Tajikistan,TJK,1995,348347
Tajikistan,TJK,2000,299499
Tajikistan,TJK,2005,280466
Tajikistan,TJK,2010,279808
Tajikistan,TJK,2015,275101
Tajikistan,TJK,2020,276031
Tanzania,TZA,1990,574025
Tanzania,TZA,1995,1106043
Tanzania,TZA,2000,949600
Tanzania,TZA,2005,771153
Tanzania,TZA,2010,309847
Tanzania,TZA,2015,384567
Tanzania,TZA,2020,426017
Thailand,THA,1990,528693
Thailand,THA,1995,809720
Thailand,THA,2000,1257821
Thailand,THA,2005,2195610
Thailand,THA,2010,3234381
Thailand,THA,2015,3470220
Thailand,THA,2020,3632496
Togo,TGO,1990,84844
Togo,TGO,1995,101583
Togo,TGO,2000,137968
Togo,TGO,2005,204219
Togo,TGO,2010,255564
Togo,TGO,2015,277384
Togo,TGO,2020,279936
Tokelau,TKL,1990,360
Tokelau,TKL,1995,506
Tokelau,TKL,2000,712
Tokelau,TKL,2005,1003
Tokelau,TKL,2010,1128
Tokelau,TKL,2015,1185
Tokelau,TKL,2020,1238
Tonga,TON,1990,2911
Tonga,TON,1995,3274
Tonga,TON,2000,3684
Tonga,TON,2005,4301
Tonga,TON,2010,4607
Tonga,TON,2015,3954
Tonga,TON,2020,3742
Trinidad and Tobago,TTO,1990,50666
Trinidad and Tobago,TTO,1995,45994
Trinidad and Tobago,TTO,2000,41753
Trinidad and Tobago,TTO,2005,44812
Trinidad and Tobago,TTO,2010,48226
Trinidad and Tobago,TTO,2015,50021
Trinidad and Tobago,TTO,2020,78849
Tunisia,TUN,1990,37984
Tunisia,TUN,1995,37867
Tunisia,TUN,2000,36719
Tunisia,TUN,2005,35040
Tunisia,TUN,2010,43172
Tunisia,TUN,2015,56532
Tunisia,TUN,2020,60145
Turkey,TUR,1990,1163686
Turkey,TUR,1995,1216173
Turkey,TUR,2000,1280963
Turkey,TUR,2005,1324108
Turkey,TUR,2010,1373749
Turkey,TUR,2015,4346197
Turkey,TUR,2020,6052652
Turkmenistan,TKM,1990,306500
Turkmenistan,TKM,1995,273565
Turkmenistan,TKM,2000,219067
Turkmenistan,TKM,2005,213053
Turkmenistan,TKM,2010,197979
Turkmenistan,TKM,2015,196376
Turkmenistan,TKM,2020,194920
Turks and Caicos Islands,TCA,1990,5062
Turks and Caicos Islands,TCA,1995,7039
Turks and Caicos Islands,TCA,2000,9015
Turks and Caicos Islands,TCA,2005,13115
Turks and Caicos Islands,TCA,2010,17216
Turks and Caicos Islands,TCA,2015,22723
Turks and Caicos Islands,TCA,2020,25748
Tuvalu,TUV,1990,318
Tuvalu,TUV,1995,263
Tuvalu,TUV,2000,218
Tuvalu,TUV,2005,209
Tuvalu,TUV,2010,220
Tuvalu,TUV,2015,230
Tuvalu,TUV,2020,239
Uganda,UGA,1990,544273
Uganda,UGA,1995,606987
Uganda,UGA,2000,584280
Uganda,UGA,2005,593308
Uganda,UGA,2010,492930
Uganda,UGA,2015,851175
Uganda,UGA,2020,1720313
Ukraine,UKR,1990,6892920
Ukraine,UKR,1995,6172338
Ukraine,UKR,2000,5527087
Ukraine,UKR,2005,5050302
Ukraine,UKR,2010,4818767
Ukraine,UKR,2015,4915142
Ukraine,UKR,2020,4997387
United Arab Emirates,ARE,1990,1306574
United Arab Emirates,ARE,1995,1824118
United Arab Emirates,ARE,2000,2447010
United Arab Emirates,ARE,2005,3281115
United Arab Emirates,ARE,2010,7316697
United Arab Emirates,ARE,2015,7995126
United Arab Emirates,ARE,2020,8716332
United Kingdom,GBR,1990,3650286
United Kingdom,GBR,1995,4155293
United Kingdom,GBR,2000,4730165
United Kingdom,GBR,2005,5926156
United Kingdom,GBR,2010,7119664
United Kingdom,GBR,2015,8406996
United Kingdom,GBR,2020,9359587
United States,USA,1990,23251026
United States,USA,1995,28451053
United States,USA,2000,34814053
United States,USA,2005,39258293
United States,USA,2010,44183643
United States,USA,2015,48178877
United States,USA,2020,50632836
United States Virgin Islands,VIR,1990,51970
United States Virgin Islands,VIR,1995,54241
United States Virgin Islands,VIR,2000,56611
United States Virgin Islands,VIR,2005,56647
United States Virgin Islands,VIR,2010,56684
United States Virgin Islands,VIR,2015,56721
United States Virgin Islands,VIR,2020,56753
Upper-middle-income countries,,1990,35289343
Upper-middle-income countries,,1995,35213683
Upper-middle-income countries,,2000,35822210
Upper-middle-income countries,,2005,38209661
Upper-middle-income countries,,2010,42080101
Upper-middle-income countries,,2015,50991477
Upper-middle-income countries,,2020,57383443
Uruguay,URY,1990,98116
Uruguay,URY,1995,93428
Uruguay,URY,2000,88874
Uruguay,URY,2005,82317
Uruguay,URY,2010,76303
Uruguay,URY,2015,78799
Uruguay,URY,2020,108267
Uzbekistan,UZB,1990,1653000
Uzbekistan,UZB,1995,1512577
Uzbekistan,UZB,2000,1406498
Uzbekistan,UZB,2005,1329932
Uzbekistan,UZB,2010,1220149
Uzbekistan,UZB,2015,1170873
Uzbekistan,UZB,2020,1162007
Vanuatu,VUT,1990,2308
Vanuatu,VUT,1995,2461
Vanuatu,VUT,2000,2626
Vanuatu,VUT,2005,2800
Vanuatu,VUT,2010,2991
Vanuatu,VUT,2015,3186
Vanuatu,VUT,2020,3257
Vatican,VAT,1990,762
Vatican,VAT,1995,778
Vatican,VAT,2000,790
Vatican,VAT,2005,798
Vatican,VAT,2010,783
Vatican,VAT,2015,790
Vatican,VAT,2020,809
Venezuela,VEN,1990,1025009
Venezuela,VEN,1995,1019996
Venezuela,VEN,2000,1013738
Venezuela,VEN,2005,1076474
Venezuela,VEN,2010,1347347
Venezuela,VEN,2015,1404448
Venezuela,VEN,2020,1324193
Vietnam,VNM,1990,28118
Vietnam,VNM,1995,51262
Vietnam,VNM,2000,56754
Vietnam,VNM,2005,51768
Vietnam,VNM,2010,61756
Vietnam,VNM,2015,72793
Vietnam,VNM,2020,76767
Wallis and Futuna,WLF,1990,1402
Wallis and Futuna,WLF,1995,1704
Wallis and Futuna,WLF,2000,2015
Wallis and Futuna,WLF,2005,2191
Wallis and Futuna,WLF,2010,2111
Wallis and Futuna,WLF,2015,2050
Wallis and Futuna,WLF,2020,2040
Western Africa,,1990,4470738
Western Africa,,1995,5433595
Western Africa,,2000,5261131
Western Africa,,2005,5957048
Western Africa,,2010,6321637
Western Africa,,2015,7067138
Western Africa,,2020,7552097
Western Asia,,1990,15205444
Western Asia,,1995,16830424
Western Asia,,2000,18420949
Western Asia,,2005,21416086
Western Asia,,2010,30686394
Western Asia,,2015,39897174
Western Asia,,2020,46599820
Western Europe,,1990,16626875
Western Europe,,1995,18720765
Western Europe,,2000,20840377
Western Europe,,2005,22248336
Western Europe,,2010,24015264
Western Europe,,2015,25918551
Western Europe,,2020,33231117
Western Sahara,ESH,1990,2688
Western Sahara,ESH,1995,2989
Western Sahara,ESH,2000,3289
Western Sahara,ESH,2005,3891
Western Sahara,ESH,2010,4493
Western Sahara,ESH,2015,5179
Western Sahara,ESH,2020,5424
World,OWID_WRL,1990,152986157
World,OWID_WRL,1995,161289976
World,OWID_WRL,2000,173230585
World,OWID_WRL,2005,191446828
World,OWID_WRL,2010,220983187
World,OWID_WRL,2015,247958644
World,OWID_WRL,2020,280598105
Yemen,YEM,1990,118863
Yemen,YEM,1995,136515
Yemen,YEM,2000,144940
Yemen,YEM,2005,171871
Yemen,YEM,2010,288394
Yemen,YEM,2015,379882
Yemen,YEM,2020,387113
Zambia,ZMB,1990,279463
Zambia,ZMB,1995,244338
Zambia,ZMB,2000,343703
Zambia,ZMB,2005,252895
Zambia,ZMB,2010,149962
Zambia,ZMB,2015,132107
Zambia,ZMB,2020,187955
Zimbabwe,ZWE,1990,634621
Zimbabwe,ZWE,1995,431226
Zimbabwe,ZWE,2000,410109
Zimbabwe,ZWE,2005,402226
Zimbabwe,ZWE,2010,398307
Zimbabwe,ZWE,2015,400482
Zimbabwe,ZWE,2020,416141